{
  "placeholderImages": [
    {
      "id": "hero-farm",
      "description": "A lush green farm under a clear blue sky, representing modern agriculture.",
      "imageUrl": "https://images.unsplash.com/photo-1600661867253-433de30c5601?crop=entropy&cs=tinysrgb&fit=max&fm=jpg&ixid=M3w3NDE5ODJ8MHwxfHNlYXJjaHw2fHxsdXNoJTIwZmFybXxlbnwwfHx8fDE3Njk5MzcxMzR8MA&ixlib=rb-4.1.0&q=80&w=1080",
      "imageHint": "lush farm"
    },
    {
      "id": "feature-recommendation",
      "description": "A farmer examining a plant with a magnifying glass, symbolizing smart analysis.",
      "imageUrl": "https://images.unsplash.com/photo-1582526773954-4c57ae4c3d38?crop=entropy&cs=tinysrgb&fit=max&fm=jpg&ixid=M3w3NDE5ODJ8MHwxfHNlYXJjaHwxMHx8cGxhbnQlMjBhbmFseXNpc3xlbnwwfHx8fDE3Njk5MzcxMzR8MA&ixlib=rb-4.1.0&q=80&w=1080",
      "imageHint": "plant analysis"
    },
    {
      "id": "feature-care",
      "description": "Hands nurturing a small sprout, representing crop care and guidance.",
      "imageUrl": "https://images.unsplash.com/photo-1752775312083-1cefe2f93358?crop=entropy&cs=tinysrgb&fit=max&fm=jpg&ixid=M3w3NDE5ODJ8MHwxfHNlYXJjaHw0fHxudXJ0dXJpbmclMjBzcHJvdXR8ZW58MHx8fHwxNzY5OTM3MTM0fDA&ixlib=rb-4.1.0&q=80&w=1080",
      "imageHint": "nurturing sprout"
    },
    {
      "id": "feature-cost",
      "description": "A calculator and coins on a wooden table, symbolizing financial planning.",
      "imageUrl": "https://images.unsplash.com/photo-1579621970563-ebec7560ff3e?crop=entropy&cs=tinysrgb&fit=max&fm=jpg&ixid=M3w3NDE5ODJ8MHwxfHNlYXJjaHw2fHxmaW5hbmNpYWwlMjBwbGFubmluZ3xlbnwwfHx8fDE3Njk5MzcxMzR8MA&ixlib=rb-4.1.0&q=80&w=1080",
      "imageHint": "financial planning"
    },
    {
      "id": "crop-rice",
      "description": "A vibrant green rice paddy field.",
      "imageUrl": "https://images.unsplash.com/photo-1604384041761-71d680147eb7?crop=entropy&cs=tinysrgb&fit=max&fm=jpg&ixid=M3w3NDE5ODJ8MHwxfHNlYXJjaHw0fHxyaWNlJTIwcGFkZHl8ZW58MHx8fHwxNzY5ODQ2MzQ3fDA&ixlib=rb-4.1.0&q=80&w=1080",
      "imageHint": "rice paddy"
    },
    {
      "id": "crop-cotton",
      "description": "A field of mature cotton plants ready for harvest.",
      "imageUrl": "https://images.unsplash.com/photo-1616504297622-a9819f1227e4?crop=entropy&cs=tinysrgb&fit=max&fm=jpg&ixid=M3w3NDE5ODJ8MHwxfHNlYXJjaHw0fHxjb3R0b24lMjBmaWVsZHxlbnwwfHx8fDE3Njk5MzcxMzR8MA&ixlib=rb-4.1.0&q=80&w=1080",
      "imageHint": "cotton field"
    },
    {
      "id": "crop-soybean",
      "description": "Close-up of healthy soybean pods on a plant.",
      "imageUrl": "https://images.unsplash.com/photo-1630097000524-cb08aff59426?crop=entropy&cs=tinysrgb&fit=max&fm=jpg&ixid=M3w3NDE5ODJ8MHwxfHNlYXJjaHw1fHxzb3liZWFuJTIwcGxhbnR8ZW58MHx8fHwxNzY5OTM3MTM0fDA&ixlib=rb-4.1.0&q=80&w=1080",
      "imageHint": "soybean plant"
    },
    {
      "id": "crop-maize",
      "description": "A field of tall maize plants.",
      "imageUrl": "https://images.unsplash.com/photo-1649251037566-6881b4956615?crop=entropy&cs=tinysrgb&fit=max&fm=jpg&ixid=M3w3NDE5ODJ8MHwxfHNlYXJjaHwzfHxtYWl6ZSUyMGZpZWxkfGVufDB8fHx8MTc2OTkzNzEzNHww&ixlib=rb-4.1.0&q=80&w=1080",
      "imageHint": "maize field"
    },
    {
      "id": "crop-wheat",
      "description": "Golden wheat field at sunset.",
      "imageUrl": "https://images.unsplash.com/photo-1646684662890-a5076aef9010?crop=entropy&cs=tinysrgb&fit=max&fm=jpg&ixid=M3w3NDE5ODJ8MHwxfHNlYXJjaHw4fHx3aGVhdCUyMGZpZWxkfGVufDB8fHx8MTc2OTkzMjQxNnww&ixlib=rb-4.1.0&q=80&w=1080",
      "imageHint": "wheat field"
    },
    {
      "id": "crop-sugarcane",
      "description": "A dense sugarcane plantation.",
      "imageUrl": "https://picsum.photos/seed/106/400/300",
      "imageHint": "sugarcane plantation"
    }
  ]
}